{
   "wallet": {
       "addressKeyName": "Wallet Name",
       "addressRestoreMnemonic": "Wallet Recovery Mnemonic",
       "alloraHomeDir": "/root/.allorad",
       "gas": "1000000",
       "gasAdjustment": 1.0,
       "nodeRpc": "https://rpc.ankr.com/allora_testnet",
       "maxRetries": 1,
       "delay": 1,
       "submitTx": false
   },
   "worker": [
       {
           "topicId": 2,
           "inferenceEntrypointName": "api-worker-reputer",
           "loopSeconds": 3,
           "parameters": {
               "InferenceEndpoint": "http://inference:8000/inference/{Token}",
               "Token": "ETH"
           }
       },
       {
           "topicId": 4,
           "inferenceEntrypointName": "api-worker-reputer",
           "loopSeconds": 2,
           "parameters": {
               "InferenceEndpoint": "http://inference:8000/inference/{Token}",
               "Token": "BTC"
           }
       },
       {
           "topicId": 6,
           "inferenceEntrypointName": "api-worker-reputer",
           "loopSeconds": 5,
           "parameters": {
               "InferenceEndpoint": "http://inference:8000/inference/{Token}",
               "Token": "SOL"
           }
       }
   ]
}
